Note,Time On (s),Time Off (s)
56,0.857142,1.2857129999999999
56,1.2857129999999999,1.571427
56,1.571427,1.714284
58,2.5714259999999998,2.999997
58,2.999997,3.2857109999999996
58,3.2857109999999996,3.428568
56,4.28571,4.714281
56,4.714281,4.999994999999999
56,4.999994999999999,5.1428519999999995
58,5.999994,6.428565
58,6.428565,6.714279
58,6.714279,6.857136
56,7.714278,8.142849
56,8.142849,8.428562999999999
56,8.428562999999999,8.57142
58,9.428562,9.857133
58,9.857133,10.142847
58,10.142847,10.285703999999999
56,11.142845999999999,11.571416999999999
56,11.571416999999999,11.857131
56,11.857131,11.999988
58,12.85713,13.285700999999998
58,13.285700999999998,13.571415
58,13.571415,13.714272
56,14.571413999999999,14.999985
56,14.999985,15.285699
56,15.285699,15.428556
58,16.285698,16.714268999999998
58,16.714268999999998,16.999983
58,16.999983,17.14284
56,17.999982,18.428552999999997
56,18.428552999999997,18.714267
56,18.714267,18.857124
58,19.714266,20.142837
58,20.142837,20.428551
58,20.428551,20.571407999999998
56,21.42855,21.857120999999996
56,21.857120999999996,22.142835
56,22.142835,22.285691999999997
58,23.142833999999997,23.571405
58,23.571405,23.857118999999997
58,23.857118999999997,23.999976
56,24.857118,25.285689
56,25.285689,25.571403
56,25.571403,25.71426
55,26.571401999999996,26.999972999999997
55,26.999972999999997,27.285687
55,27.285687,27.428544
56,28.285686,28.714257
56,28.714257,28.999971
56,28.999971,29.142827999999998
58,29.99997,30.428541
58,30.428541,30.714254999999998
58,30.714254999999998,30.857112
55,30.857112,31.285682999999995
55,31.285682999999995,31.571397
55,31.571397,31.714253999999997
55,31.714253999999997,32.142824999999995
55,32.142824999999995,32.428539
55,32.428539,32.571396
55,32.571396,32.999967
55,32.999967,33.285681
55,33.285681,33.428537999999996
55,33.428537999999996,33.857109
55,33.857109,34.142823
55,34.142823,34.28568
56,35.142822,35.571393
56,35.571393,35.857107
56,35.857107,35.999964
58,36.857105999999995,37.285677
58,37.285677,37.571391
58,37.571391,37.714248
56,38.57139,38.999961
56,38.999961,39.285675
56,39.285675,39.428532
55,40.285674,40.714245
55,40.714245,40.999959
55,40.999959,41.142815999999996
56,41.999958,42.428529
56,42.428529,42.714243
56,42.714243,42.8571
58,43.71424199999999,44.142813
58,44.142813,44.428527
58,44.428527,44.571383999999995
55,44.571383999999995,44.999955
55,44.999955,45.28566899999999
55,45.28566899999999,45.428526
55,45.428526,45.857097
55,45.857097,46.142810999999995
55,46.142810999999995,46.285667999999994
55,46.285667999999994,46.714239
55,46.714239,46.999953
55,46.999953,47.14281
55,47.14281,47.571381
55,47.571381,47.857094999999994
55,47.857094999999994,47.999952
56,64.28564999999999,64.714221
56,64.714221,64.999935
56,64.999935,65.142792
58,65.999934,66.428505
58,66.428505,66.714219
58,66.714219,66.85707599999999
56,67.714218,68.142789
56,68.142789,68.42850299999999
56,68.42850299999999,68.57136
58,69.428502,69.857073
58,69.857073,70.142787
58,70.142787,70.285644
56,71.142786,71.57135699999999
56,71.57135699999999,71.857071
56,71.857071,71.999928
58,72.85707,73.285641
58,73.285641,73.571355
58,73.571355,73.71421199999999
56,74.571354,74.999925
56,74.999925,75.28563899999999
56,75.28563899999999,75.428496
55,76.28563799999999,76.714209
55,76.714209,76.999923
55,76.999923,77.14278
56,77.999922,78.42849299999999
56,78.42849299999999,78.714207
56,78.714207,78.857064
58,79.714206,80.142777
58,80.142777,80.428491
58,80.428491,80.571348
55,80.571348,80.99991899999999
55,80.99991899999999,81.285633
55,81.285633,81.42849
55,81.42849,81.857061
55,81.857061,82.142775
55,82.142775,82.28563199999999
55,82.28563199999999,82.714203
55,82.714203,82.999917
55,82.999917,83.14277399999999
55,83.14277399999999,83.571345
55,83.571345,83.85705899999999
55,83.85705899999999,83.999916
56,84.857058,85.285629
56,85.285629,85.571343
56,85.571343,85.7142
58,86.571342,86.99991299999999
58,86.99991299999999,87.28562699999999
58,87.28562699999999,87.42848399999998
56,88.285626,88.714197
56,88.714197,88.999911
56,88.999911,89.14276799999999
55,89.99991,90.42848099999999
55,90.42848099999999,90.714195
55,90.714195,90.857052
56,91.714194,92.142765
56,92.142765,92.428479
56,92.428479,92.57133599999999
58,93.428478,93.857049
58,93.857049,94.142763
58,94.142763,94.28562
55,94.28562,94.71419099999999
55,94.71419099999999,94.999905
55,94.999905,95.142762
55,95.142762,95.571333
55,95.571333,95.85704700000001
55,95.85704700000001,95.999904
55,95.999904,96.42847499999999
55,96.42847499999999,96.71418899999999
55,96.71418899999999,96.85704599999998
55,96.85704599999998,97.285617
55,97.285617,97.57133099999999
55,97.57133099999999,97.714188
56,203.99979599999998,204.42836699999998
56,204.42836699999998,204.85693799999999
56,204.85693799999999,205.28550899999996
56,205.28550899999996,205.571223
56,205.571223,205.71408
58,207.428364,207.856935
58,207.856935,208.28550599999997
58,208.28550599999997,208.71407699999997
58,208.71407699999997,208.999791
58,208.999791,209.142648
56,210.856932,211.28550299999998
56,211.28550299999998,211.71407399999998
56,211.71407399999998,212.142645
56,212.142645,212.428359
56,212.428359,212.57121599999996
55,214.28549999999998,214.714071
55,214.714071,215.142642
55,215.142642,215.57121299999997
55,215.57121299999997,215.856927
55,215.856927,215.99978399999998
55,215.99978399999998,216.42835499999998
55,216.42835499999998,216.85692600000002
55,216.85692600000002,217.285497
55,217.285497,217.57121099999998
55,217.57121099999998,217.714068
55,217.714068,218.142639
55,218.142639,218.57120999999998
55,218.57120999999998,218.99978099999998
55,218.99978099999998,219.285495
55,219.285495,219.428352
55,219.428352,219.85692299999997
55,219.85692299999997,220.28549399999997
55,220.28549399999997,220.714065
55,220.714065,220.999779
55,220.999779,221.142636
56,221.999778,222.428349
56,222.428349,222.71406299999998
56,222.71406299999998,222.85691999999997
58,223.71406199999998,224.14263300000002
58,224.14263300000002,224.428347
58,224.428347,224.571204
56,225.428346,225.85691699999998
56,225.85691699999998,226.14263099999997
56,226.14263099999997,226.285488
58,227.14262999999997,227.57120099999997
58,227.57120099999997,227.856915
58,227.856915,227.999772
56,228.856914,229.285485
56,229.285485,229.57119899999998
56,229.57119899999998,229.714056
58,230.57119799999998,230.999769
58,230.999769,231.285483
58,231.285483,231.42833999999996
56,232.285482,232.714053
56,232.714053,232.999767
56,232.999767,233.14262399999998
48,12.714272999999999,12.7857015
48,12.85713,12.9285585
48,13.142843999999998,13.2142725
48,13.285700999999998,13.3571295
48,13.571415,13.6428435
48,13.714272,14.142843
41,13.714272,14.142843
48,14.142843,14.428557
41,14.142843,14.428557
48,14.428557,14.571413999999999
41,14.428557,14.571413999999999
44,14.571413999999999,14.999985
37,14.571413999999999,14.999985
44,14.999985,15.285699
37,14.999985,15.285699
44,15.285699,15.428556
37,15.285699,15.428556
51,15.428556,15.857126999999998
44,15.428556,15.857126999999998
51,15.857126999999998,16.142841
44,15.857126999999998,16.142841
51,16.142841,16.285698
44,16.142841,16.285698
46,16.285698,16.714268999999998
39,16.285698,16.714268999999998
46,16.714268999999998,16.999983
39,16.714268999999998,16.999983
46,16.999983,17.14284
39,16.999983,17.14284
48,17.14284,17.571411
41,17.14284,17.571411
48,17.571411,17.857125
41,17.571411,17.857125
48,17.857125,17.999982
41,17.857125,17.999982
44,17.999982,18.428552999999997
37,17.999982,18.428552999999997
44,18.428552999999997,18.714267
37,18.428552999999997,18.714267
44,18.714267,18.857124
37,18.714267,18.857124
51,18.857124,19.285695
44,18.857124,19.285695
51,19.285695,19.571409
44,19.285695,19.571409
51,19.571409,19.714266
44,19.571409,19.714266
46,19.714266,20.142837
39,19.714266,20.142837
46,20.142837,20.428551
39,20.142837,20.428551
46,20.428551,20.571407999999998
39,20.428551,20.571407999999998
48,20.571407999999998,20.999979
41,20.571407999999998,20.999979
48,20.999979,21.285693
41,20.999979,21.285693
48,21.285693,21.42855
41,21.285693,21.42855
44,21.42855,21.857120999999996
37,21.42855,21.857120999999996
44,21.857120999999996,22.142835
37,21.857120999999996,22.142835
44,22.142835,22.285691999999997
37,22.142835,22.285691999999997
51,22.285691999999997,22.714263
44,22.285691999999997,22.714263
51,22.714263,22.999977
44,22.714263,22.999977
51,22.999977,23.142833999999997
44,22.999977,23.142833999999997
46,23.142833999999997,23.571405
39,23.142833999999997,23.571405
46,23.571405,23.857118999999997
39,23.571405,23.857118999999997
46,23.857118999999997,23.999976
39,23.857118999999997,23.999976
41,23.999976,24.428547
48,23.999976,24.428547
48,24.428547,24.714260999999997
41,24.428547,24.714260999999997
48,24.714260999999997,24.857118
41,24.714260999999997,24.857118
37,24.857118,25.285689
44,24.857118,25.285689
37,25.285689,25.571403
44,25.285689,25.571403
44,25.571403,25.71426
37,25.571403,25.71426
44,25.71426,26.142831
51,25.71426,26.142831
44,26.142831,26.428545
51,26.142831,26.428545
51,26.428545,26.571401999999996
44,26.428545,26.571401999999996
43,26.571401999999996,26.999972999999997
36,26.571401999999996,26.999972999999997
43,26.999972999999997,27.285687
36,26.999972999999997,27.285687
43,27.285687,27.428544
36,27.285687,27.428544
41,27.428544,27.857114999999997
48,27.428544,27.857114999999997
41,27.857114999999997,28.142828999999995
48,27.857114999999997,28.142828999999995
48,28.142828999999995,28.285686
41,28.142828999999995,28.285686
37,28.285686,28.714257
44,28.285686,28.714257
37,28.714257,28.999971
44,28.714257,28.999971
44,28.999971,29.142827999999998
37,28.999971,29.142827999999998
44,29.142827999999998,29.571399
51,29.142827999999998,29.571399
44,29.571399,29.857113
51,29.571399,29.857113
51,29.857113,29.99997
44,29.857113,29.99997
46,29.99997,30.428541
39,29.99997,30.428541
46,30.428541,30.714254999999998
39,30.428541,30.714254999999998
46,30.714254999999998,30.857112
39,30.714254999999998,30.857112
36,30.857112,31.285682999999995
43,30.857112,31.285682999999995
36,31.285682999999995,31.571397
43,31.285682999999995,31.571397
43,31.571397,31.714253999999997
36,31.571397,31.714253999999997
36,31.714253999999997,32.142824999999995
43,31.714253999999997,32.142824999999995
36,32.142824999999995,32.428539
43,32.142824999999995,32.428539
43,32.428539,32.571396
36,32.428539,32.571396
36,32.571396,32.999967
43,32.571396,32.999967
36,32.999967,33.285681
43,32.999967,33.285681
43,33.285681,33.428537999999996
36,33.285681,33.428537999999996
43,33.428537999999996,33.857109
36,33.428537999999996,33.857109
43,33.857109,34.142823
36,33.857109,34.142823
43,34.142823,34.28568
36,34.142823,34.28568
48,34.28568,34.714251
41,34.28568,34.714251
48,34.714251,34.999964999999996
41,34.714251,34.999964999999996
48,34.999964999999996,35.142822
41,34.999964999999996,35.142822
44,35.142822,35.571393
37,35.142822,35.571393
44,35.571393,35.857107
37,35.571393,35.857107
44,35.857107,35.999964
37,35.857107,35.999964
51,35.999964,36.428535
44,35.999964,36.428535
51,36.428535,36.714249
44,36.428535,36.714249
51,36.714249,36.857105999999995
44,36.714249,36.857105999999995
46,36.857105999999995,37.285677
39,36.857105999999995,37.285677
46,37.285677,37.571391
39,37.285677,37.571391
46,37.571391,37.714248
39,37.571391,37.714248
48,37.714248,38.142818999999996
41,37.714248,38.142818999999996
48,38.142818999999996,38.428532999999995
41,38.142818999999996,38.428532999999995
48,38.428532999999995,38.57139
41,38.428532999999995,38.57139
44,38.57139,38.999961
37,38.57139,38.999961
44,38.999961,39.285675
37,38.999961,39.285675
44,39.285675,39.428532
37,39.285675,39.428532
51,39.428532,39.857103
44,39.428532,39.857103
51,39.857103,40.142817
44,39.857103,40.142817
51,40.142817,40.285674
44,40.142817,40.285674
43,40.285674,40.714245
36,40.285674,40.714245
43,40.714245,40.999959
36,40.714245,40.999959
43,40.999959,41.142815999999996
36,40.999959,41.142815999999996
48,41.142815999999996,41.571386999999994
41,41.142815999999996,41.571386999999994
48,41.571386999999994,41.857101
41,41.571386999999994,41.857101
48,41.857101,41.999958
41,41.857101,41.999958
44,41.999958,42.428529
37,41.999958,42.428529
44,42.428529,42.714243
37,42.428529,42.714243
44,42.714243,42.8571
37,42.714243,42.8571
51,42.8571,43.285671
44,42.8571,43.285671
51,43.285671,43.571385
44,43.285671,43.571385
51,43.571385,43.71424199999999
44,43.571385,43.71424199999999
46,43.71424199999999,44.142813
39,43.71424199999999,44.142813
46,44.142813,44.428527
39,44.142813,44.428527
46,44.428527,44.571383999999995
39,44.428527,44.571383999999995
43,44.571383999999995,44.999955
36,44.571383999999995,44.999955
43,44.999955,45.28566899999999
36,44.999955,45.28566899999999
43,45.28566899999999,45.428526
36,45.28566899999999,45.428526
43,45.428526,45.857097
36,45.428526,45.857097
43,45.857097,46.142810999999995
36,45.857097,46.142810999999995
43,46.142810999999995,46.285667999999994
36,46.142810999999995,46.285667999999994
43,46.285667999999994,46.714239
36,46.285667999999994,46.714239
43,46.714239,46.999953
36,46.714239,46.999953
43,46.999953,47.14281
36,46.999953,47.14281
43,47.14281,47.571381
36,47.14281,47.571381
43,47.571381,47.857094999999994
36,47.571381,47.857094999999994
43,47.857094999999994,47.999952
36,47.857094999999994,47.999952
48,47.999952,48.42852299999999
41,47.999952,48.42852299999999
48,48.42852299999999,48.857094
41,48.42852299999999,48.857094
48,48.857094,49.285664999999995
41,48.857094,49.285664999999995
48,49.285664999999995,49.571379
41,49.285664999999995,49.571379
48,49.571379,49.714236
41,49.571379,49.714236
44,49.714236,50.142807
37,49.714236,50.142807
44,50.142807,50.571378
37,50.142807,50.571378
44,50.571378,50.999948999999994
37,50.571378,50.999948999999994
44,50.999948999999994,51.285663
37,50.999948999999994,51.285663
44,51.285663,51.42852
37,51.285663,51.42852
51,51.42852,51.857091
44,51.42852,51.857091
51,51.857091,52.285662
44,51.857091,52.285662
51,52.285662,52.714233
44,52.285662,52.714233
51,52.714233,52.999947
44,52.714233,52.999947
51,52.999947,53.14280399999999
44,52.999947,53.14280399999999
46,53.14280399999999,53.571374999999996
39,53.14280399999999,53.571374999999996
46,53.571374999999996,53.999945999999994
39,53.571374999999996,53.999945999999994
46,53.999945999999994,54.428517
39,53.999945999999994,54.428517
46,54.428517,54.71423099999999
39,54.428517,54.71423099999999
46,54.71423099999999,54.857088
39,54.71423099999999,54.857088
48,54.857088,55.285659
41,54.857088,55.285659
48,55.285659,55.71422999999999
41,55.285659,55.71422999999999
48,55.71422999999999,56.142801
41,55.71422999999999,56.142801
48,56.142801,56.428515
41,56.142801,56.428515
48,56.428515,56.571372
41,56.428515,56.571372
44,56.571372,56.999943
37,56.571372,56.999943
44,56.999943,57.428514
37,56.999943,57.428514
44,57.428514,57.85708499999999
37,57.428514,57.85708499999999
44,57.85708499999999,58.142799
37,57.85708499999999,58.142799
44,58.142799,58.285655999999996
37,58.142799,58.285655999999996
51,58.285655999999996,58.714226999999994
44,58.285655999999996,58.714226999999994
51,58.714226999999994,59.142798
44,58.714226999999994,59.142798
51,59.142798,59.571369
44,59.142798,59.571369
51,59.571369,59.857082999999996
44,59.571369,59.857082999999996
51,59.857082999999996,59.99994
44,59.857082999999996,59.99994
43,59.99994,60.42851099999999
36,59.99994,60.42851099999999
43,60.42851099999999,60.857082
36,60.42851099999999,60.857082
43,60.857082,61.285652999999996
36,60.857082,61.285652999999996
43,61.285652999999996,61.571367
36,61.285652999999996,61.571367
43,61.571367,61.714224
36,61.571367,61.714224
41,63.428507999999994,63.857079
48,63.428507999999994,63.857079
48,63.857079,64.142793
41,63.857079,64.142793
48,64.142793,64.28564999999999
41,64.142793,64.28564999999999
44,64.28564999999999,64.714221
37,64.28564999999999,64.714221
44,64.714221,64.999935
37,64.714221,64.999935
44,64.999935,65.142792
37,64.999935,65.142792
51,65.142792,65.571363
44,65.142792,65.571363
51,65.571363,65.85707699999999
44,65.571363,65.85707699999999
51,65.85707699999999,65.999934
44,65.85707699999999,65.999934
46,65.999934,66.428505
39,65.999934,66.428505
46,66.428505,66.714219
39,66.428505,66.714219
46,66.714219,66.85707599999999
39,66.714219,66.85707599999999
48,66.85707599999999,67.285647
41,66.85707599999999,67.285647
48,67.285647,67.571361
41,67.285647,67.571361
48,67.571361,67.714218
41,67.571361,67.714218
44,67.714218,68.142789
37,67.714218,68.142789
44,68.142789,68.42850299999999
37,68.142789,68.42850299999999
44,68.42850299999999,68.57136
37,68.42850299999999,68.57136
51,68.57136,68.99993099999999
44,68.57136,68.99993099999999
51,68.99993099999999,69.285645
44,68.99993099999999,69.285645
51,69.285645,69.428502
44,69.285645,69.428502
46,69.428502,69.857073
39,69.428502,69.857073
46,69.857073,70.142787
39,69.857073,70.142787
46,70.142787,70.285644
39,70.142787,70.285644
48,70.285644,70.714215
41,70.285644,70.714215
48,70.714215,70.999929
41,70.714215,70.999929
48,70.999929,71.142786
41,70.999929,71.142786
44,71.142786,71.57135699999999
37,71.142786,71.57135699999999
44,71.57135699999999,71.857071
37,71.57135699999999,71.857071
44,71.857071,71.999928
37,71.857071,71.999928
51,71.999928,72.428499
44,71.999928,72.428499
51,72.428499,72.714213
44,72.428499,72.714213
51,72.714213,72.85707
44,72.714213,72.85707
46,72.85707,73.285641
39,72.85707,73.285641
46,73.285641,73.571355
39,73.285641,73.571355
46,73.571355,73.71421199999999
39,73.571355,73.71421199999999
48,73.71421199999999,74.142783
41,73.71421199999999,74.142783
48,74.142783,74.428497
41,74.142783,74.428497
48,74.428497,74.571354
41,74.428497,74.571354
44,74.571354,74.999925
37,74.571354,74.999925
44,74.999925,75.28563899999999
37,74.999925,75.28563899999999
44,75.28563899999999,75.428496
37,75.28563899999999,75.428496
51,75.428496,75.857067
44,75.428496,75.857067
51,75.857067,76.142781
44,75.857067,76.142781
51,76.142781,76.28563799999999
44,76.142781,76.28563799999999
43,76.28563799999999,76.714209
36,76.28563799999999,76.714209
43,76.714209,76.999923
36,76.714209,76.999923
43,76.999923,77.14278
36,76.999923,77.14278
41,77.14278,77.57135099999999
48,77.14278,77.57135099999999
41,77.57135099999999,77.85706499999999
48,77.57135099999999,77.85706499999999
48,77.85706499999999,77.999922
41,77.85706499999999,77.999922
37,77.999922,78.42849299999999
44,77.999922,78.42849299999999
37,78.42849299999999,78.714207
44,78.42849299999999,78.714207
44,78.714207,78.857064
37,78.714207,78.857064
44,78.857064,79.285635
51,78.857064,79.285635
44,79.285635,79.571349
51,79.285635,79.571349
51,79.571349,79.714206
44,79.571349,79.714206
46,79.714206,80.142777
39,79.714206,80.142777
46,80.142777,80.428491
39,80.142777,80.428491
46,80.428491,80.571348
39,80.428491,80.571348
43,80.571348,80.99991899999999
36,80.571348,80.99991899999999
43,80.99991899999999,81.285633
36,80.99991899999999,81.285633
43,81.285633,81.42849
36,81.285633,81.42849
43,81.42849,81.857061
36,81.42849,81.857061
43,81.857061,82.142775
36,81.857061,82.142775
43,82.142775,82.28563199999999
36,82.142775,82.28563199999999
43,82.28563199999999,82.714203
36,82.28563199999999,82.714203
43,82.714203,82.999917
36,82.714203,82.999917
43,82.999917,83.14277399999999
36,82.999917,83.14277399999999
43,83.14277399999999,83.571345
36,83.14277399999999,83.571345
43,83.571345,83.85705899999999
36,83.571345,83.85705899999999
43,83.85705899999999,83.999916
36,83.85705899999999,83.999916
41,83.999916,84.428487
48,83.999916,84.428487
48,84.428487,84.71420099999999
41,84.428487,84.71420099999999
48,84.71420099999999,84.857058
41,84.71420099999999,84.857058
37,84.857058,85.285629
44,84.857058,85.285629
37,85.285629,85.571343
44,85.285629,85.571343
44,85.571343,85.7142
37,85.571343,85.7142
44,85.7142,86.142771
51,85.7142,86.142771
44,86.142771,86.42848500000001
51,86.142771,86.42848500000001
51,86.42848500000001,86.571342
44,86.42848500000001,86.571342
46,86.571342,86.99991299999999
39,86.571342,86.99991299999999
46,86.99991299999999,87.28562699999999
39,86.99991299999999,87.28562699999999
46,87.28562699999999,87.42848399999998
39,87.28562699999999,87.42848399999998
41,87.42848399999998,87.857055
48,87.42848399999998,87.857055
48,87.857055,88.14276899999999
41,87.857055,88.14276899999999
48,88.14276899999999,88.285626
41,88.14276899999999,88.285626
37,88.285626,88.714197
44,88.285626,88.714197
37,88.714197,88.999911
44,88.714197,88.999911
44,88.999911,89.14276799999999
37,88.999911,89.14276799999999
44,89.14276799999999,89.57133900000001
51,89.14276799999999,89.57133900000001
44,89.57133900000001,89.857053
51,89.57133900000001,89.857053
51,89.857053,89.99991
44,89.857053,89.99991
43,89.99991,90.42848099999999
36,89.99991,90.42848099999999
43,90.42848099999999,90.714195
36,90.42848099999999,90.714195
43,90.714195,90.857052
36,90.714195,90.857052
41,90.857052,91.28562299999999
48,90.857052,91.28562299999999
41,91.28562299999999,91.57133699999999
48,91.28562299999999,91.57133699999999
48,91.57133699999999,91.714194
41,91.57133699999999,91.714194
37,91.714194,92.142765
44,91.714194,92.142765
37,92.142765,92.428479
44,92.142765,92.428479
44,92.428479,92.57133599999999
37,92.428479,92.57133599999999
44,92.57133599999999,92.999907
51,92.57133599999999,92.999907
44,92.999907,93.28562099999999
51,92.999907,93.28562099999999
51,93.28562099999999,93.428478
44,93.28562099999999,93.428478
46,93.428478,93.857049
39,93.428478,93.857049
46,93.857049,94.142763
39,93.857049,94.142763
46,94.142763,94.28562
39,94.142763,94.28562
36,94.28562,94.71419099999999
43,94.28562,94.71419099999999
36,94.71419099999999,94.999905
43,94.71419099999999,94.999905
43,94.999905,95.142762
36,94.999905,95.142762
36,95.142762,95.571333
43,95.142762,95.571333
36,95.571333,95.85704700000001
43,95.571333,95.85704700000001
43,95.85704700000001,95.999904
36,95.85704700000001,95.999904
36,95.999904,96.42847499999999
43,95.999904,96.42847499999999
36,96.42847499999999,96.71418899999999
43,96.42847499999999,96.71418899999999
43,96.71418899999999,96.85704599999998
36,96.71418899999999,96.85704599999998
43,96.85704599999998,97.285617
36,96.85704599999998,97.285617
43,97.285617,97.57133099999999
36,97.285617,97.57133099999999
43,97.57133099999999,97.714188
36,97.57133099999999,97.714188
48,97.714188,98.142759
41,97.714188,98.142759
48,98.142759,98.57132999999999
41,98.142759,98.57132999999999
48,98.57132999999999,98.99990100000001
41,98.57132999999999,98.99990100000001
48,98.99990100000001,99.28561499999999
41,98.99990100000001,99.28561499999999
48,99.28561499999999,99.428472
41,99.28561499999999,99.428472
44,99.428472,99.85704299999999
37,99.428472,99.85704299999999
44,99.85704299999999,100.285614
37,99.85704299999999,100.285614
44,100.285614,100.71418499999999
37,100.285614,100.71418499999999
44,100.71418499999999,100.99989899999998
37,100.71418499999999,100.99989899999998
44,100.99989899999998,101.142756
37,100.99989899999998,101.142756
51,101.142756,101.571327
44,101.142756,101.571327
51,101.571327,101.99989799999999
44,101.571327,101.99989799999999
51,101.99989799999999,102.42846899999999
44,101.99989799999999,102.42846899999999
51,102.42846899999999,102.71418299999999
44,102.42846899999999,102.71418299999999
51,102.71418299999999,102.85704
44,102.71418299999999,102.85704
46,102.85704,103.285611
39,102.85704,103.285611
46,103.285611,103.714182
39,103.285611,103.714182
46,103.714182,104.14275299999998
39,103.714182,104.14275299999998
46,104.14275299999998,104.428467
39,104.14275299999998,104.428467
46,104.428467,104.571324
39,104.428467,104.571324
48,104.571324,104.999895
41,104.571324,104.999895
48,104.999895,105.428466
41,104.999895,105.428466
48,105.428466,105.85703699999999
41,105.428466,105.85703699999999
48,105.85703699999999,106.14275099999999
41,105.85703699999999,106.14275099999999
48,106.14275099999999,106.28560799999998
41,106.14275099999999,106.28560799999998
44,106.28560799999998,106.714179
37,106.28560799999998,106.714179
44,106.714179,107.14274999999999
37,106.714179,107.14274999999999
44,107.14274999999999,107.571321
37,107.14274999999999,107.571321
44,107.571321,107.857035
37,107.571321,107.857035
44,107.857035,107.99989199999999
37,107.857035,107.99989199999999
51,107.99989199999999,108.42846300000001
44,107.99989199999999,108.42846300000001
51,108.42846300000001,108.857034
44,108.42846300000001,108.857034
51,108.857034,109.28560499999999
44,108.857034,109.28560499999999
51,109.28560499999999,109.571319
44,109.28560499999999,109.571319
51,109.571319,109.714176
44,109.571319,109.714176
43,109.714176,110.14274699999999
36,109.714176,110.14274699999999
43,110.14274699999999,110.571318
36,110.14274699999999,110.571318
43,110.571318,110.999889
36,110.571318,110.999889
43,110.999889,111.285603
36,110.999889,111.285603
43,111.285603,111.42845999999999
36,111.285603,111.42845999999999
48,113.142744,113.57131499999998
41,113.142744,113.57131499999998
48,113.57131499999998,113.857029
41,113.57131499999998,113.857029
50,113.857029,113.999886
43,113.857029,113.999886
51,113.999886,114.428457
44,113.999886,114.428457
51,114.428457,114.71417100000001
44,114.428457,114.71417100000001
51,114.71417100000001,114.857028
44,114.71417100000001,114.857028
56,114.857028,115.28559899999999
49,114.857028,115.28559899999999
53,115.28559899999999,115.71416999999998
46,115.28559899999999,115.71416999999998
58,115.71416999999998,116.142741
51,115.71416999999998,116.142741
55,116.142741,116.57131199999999
48,116.142741,116.57131199999999
48,116.57131199999999,116.999883
41,116.57131199999999,116.999883
48,116.999883,117.285597
41,116.999883,117.285597
50,117.285597,117.42845399999999
43,117.285597,117.42845399999999
51,117.42845399999999,117.85702500000001
44,117.42845399999999,117.85702500000001
51,117.85702500000001,118.14273899999999
44,117.85702500000001,118.14273899999999
51,118.14273899999999,118.285596
44,118.14273899999999,118.285596
58,118.285596,118.71416699999999
51,118.285596,118.71416699999999
55,118.71416699999999,119.142738
48,118.71416699999999,119.142738
53,119.142738,119.57130899999999
48,119.57130899999999,119.99988
41,119.57130899999999,119.99988
48,119.99988,120.428451
41,119.99988,120.428451
48,120.428451,120.714165
41,120.428451,120.714165
50,120.714165,120.85702199999999
43,120.714165,120.85702199999999
51,120.85702199999999,121.28559299999999
44,120.85702199999999,121.28559299999999
51,121.28559299999999,121.57130699999999
44,121.28559299999999,121.57130699999999
51,121.57130699999999,121.714164
44,121.57130699999999,121.714164
56,121.714164,122.142735
49,121.714164,122.142735
53,122.142735,122.57130599999999
46,122.142735,122.57130599999999
58,122.57130599999999,122.99987699999998
51,122.57130599999999,122.99987699999998
55,122.99987699999998,123.428448
48,122.99987699999998,123.428448
48,123.428448,123.857019
41,123.428448,123.857019
48,123.857019,124.142733
41,123.857019,124.142733
50,124.142733,124.28559
43,124.142733,124.28559
51,124.28559,124.71416099999999
44,124.28559,124.71416099999999
51,124.71416099999999,124.99987499999999
44,124.71416099999999,124.99987499999999
51,124.99987499999999,125.14273199999998
44,124.99987499999999,125.14273199999998
58,125.14273199999998,125.571303
51,125.14273199999998,125.571303
55,125.571303,125.99987399999999
48,125.571303,125.99987399999999
53,125.99987399999999,126.428445
48,126.428445,126.85701599999999
41,126.428445,126.85701599999999
44,126.85701599999999,127.285587
37,126.85701599999999,127.285587
44,127.285587,127.714158
37,127.285587,127.714158
44,127.714158,128.142729
37,127.714158,128.142729
44,128.142729,128.428443
37,128.142729,128.428443
44,128.428443,128.57129999999998
37,128.428443,128.57129999999998
51,128.57129999999998,128.99987099999998
44,128.57129999999998,128.99987099999998
51,128.99987099999998,129.428442
44,128.99987099999998,129.428442
51,129.428442,129.857013
44,129.428442,129.857013
51,129.857013,130.142727
44,129.857013,130.142727
51,130.142727,130.285584
44,130.142727,130.285584
43,130.285584,130.71415499999998
36,130.285584,130.71415499999998
43,130.71415499999998,131.142726
36,130.71415499999998,131.142726
43,131.142726,131.571297
36,131.142726,131.571297
43,131.571297,131.857011
36,131.571297,131.857011
43,131.857011,131.999868
36,131.857011,131.999868
48,131.999868,132.428439
41,131.999868,132.428439
48,132.428439,132.85701
41,132.428439,132.85701
46,132.85701,133.285581
39,132.85701,133.285581
46,133.285581,133.571295
39,133.285581,133.571295
46,133.571295,133.71415199999998
39,133.571295,133.71415199999998
44,133.71415199999998,134.142723
37,133.71415199999998,134.142723
44,134.142723,134.571294
37,134.142723,134.571294
44,134.571294,134.999865
37,134.571294,134.999865
44,134.999865,135.28557899999998
37,134.999865,135.28557899999998
44,135.28557899999998,135.428436
37,135.28557899999998,135.428436
51,135.428436,135.85700699999998
44,135.428436,135.85700699999998
51,135.85700699999998,136.285578
44,135.85700699999998,136.285578
51,136.285578,136.714149
44,136.285578,136.714149
51,136.714149,136.99986299999998
44,136.714149,136.99986299999998
51,136.99986299999998,137.14272
44,136.99986299999998,137.14272
43,137.14272,137.571291
36,137.14272,137.571291
43,137.571291,137.99986199999998
36,137.571291,137.99986199999998
43,137.99986199999998,138.42843299999998
36,137.99986199999998,138.42843299999998
43,138.42843299999998,138.714147
36,138.42843299999998,138.714147
43,138.714147,138.857004
36,138.714147,138.857004
43,138.857004,139.285575
36,138.857004,139.285575
43,139.285575,139.714146
36,139.285575,139.714146
43,139.714146,140.14271699999998
36,139.714146,140.14271699999998
43,140.14271699999998,140.428431
36,140.14271699999998,140.428431
43,140.428431,140.571288
36,140.428431,140.571288
58,173.142684,173.57125499999998
51,173.142684,173.57125499999998
55,173.57125499999998,173.99982599999998
48,173.57125499999998,173.99982599999998
53,173.99982599999998,174.428397
48,174.428397,174.85696799999997
41,174.428397,174.85696799999997
58,179.99982,180.428391
51,179.99982,180.428391
55,180.428391,180.85696199999998
48,180.428391,180.85696199999998
53,180.85696199999998,181.285533
48,181.285533,181.714104
41,181.285533,181.714104
43,181.714104,184.99981499999998
36,181.714104,184.99981499999998
43,184.99981499999998,185.14267199999998
36,184.99981499999998,185.14267199999998
43,185.14267199999998,188.57124
36,185.14267199999998,188.57124
48,188.57124,188.999811
41,188.57124,188.999811
48,188.999811,189.42838199999997
41,188.999811,189.42838199999997
48,189.42838199999997,189.85695299999998
41,189.42838199999997,189.85695299999998
48,189.85695299999998,190.142667
41,189.85695299999998,190.142667
48,190.142667,190.285524
41,190.142667,190.285524
44,190.285524,190.71409500000001
37,190.285524,190.71409500000001
44,190.71409500000001,191.142666
37,190.71409500000001,191.142666
44,191.142666,191.571237
37,191.142666,191.571237
44,191.571237,191.85695099999998
37,191.571237,191.85695099999998
44,191.85695099999998,191.999808
37,191.85695099999998,191.999808
51,191.999808,192.42837899999998
44,191.999808,192.42837899999998
51,192.42837899999998,192.85694999999998
44,192.42837899999998,192.85694999999998
51,192.85694999999998,193.285521
44,192.85694999999998,193.285521
51,193.285521,193.571235
44,193.285521,193.571235
51,193.571235,193.71409199999997
44,193.571235,193.71409199999997
46,193.71409199999997,194.142663
39,193.71409199999997,194.142663
46,194.142663,194.571234
39,194.142663,194.571234
46,194.571234,194.999805
39,194.571234,194.999805
46,194.999805,195.285519
39,194.999805,195.285519
46,195.285519,195.428376
39,195.285519,195.428376
48,195.428376,195.856947
41,195.428376,195.856947
48,195.856947,196.285518
41,195.856947,196.285518
48,196.285518,196.71408899999997
41,196.285518,196.71408899999997
48,196.71408899999997,196.999803
41,196.71408899999997,196.999803
48,196.999803,197.14265999999998
41,196.999803,197.14265999999998
44,197.14265999999998,197.57123099999998
37,197.14265999999998,197.57123099999998
44,197.57123099999998,197.99980200000002
37,197.57123099999998,197.99980200000002
44,197.99980200000002,198.428373
37,197.99980200000002,198.428373
44,198.428373,198.71408699999998
37,198.428373,198.71408699999998
44,198.71408699999998,198.856944
37,198.71408699999998,198.856944
51,198.856944,199.285515
44,198.856944,199.285515
51,199.285515,199.71408599999998
44,199.285515,199.71408599999998
51,199.71408599999998,200.14265699999999
44,199.71408599999998,200.14265699999999
51,200.14265699999999,200.428371
44,200.14265699999999,200.428371
51,200.428371,200.571228
44,200.428371,200.571228
43,200.571228,200.99979899999997
36,200.571228,200.99979899999997
43,200.99979899999997,201.42836999999997
36,200.99979899999997,201.42836999999997
43,201.42836999999997,201.856941
36,201.42836999999997,201.856941
43,201.856941,202.142655
36,201.856941,202.142655
43,202.142655,202.285512
36,202.142655,202.285512
48,202.285512,202.714083
41,202.285512,202.714083
48,202.714083,203.142654
41,202.714083,203.142654
48,203.142654,203.571225
41,203.142654,203.571225
48,203.571225,203.85693899999998
41,203.571225,203.85693899999998
48,203.85693899999998,203.99979599999998
41,203.85693899999998,203.99979599999998
44,203.99979599999998,204.42836699999998
37,203.99979599999998,204.42836699999998
44,204.42836699999998,204.85693799999999
37,204.42836699999998,204.85693799999999
44,204.85693799999999,205.28550899999996
37,204.85693799999999,205.28550899999996
44,205.28550899999996,205.571223
37,205.28550899999996,205.571223
44,205.571223,205.71408
37,205.571223,205.71408
51,205.71408,206.142651
44,205.71408,206.142651
51,206.142651,206.571222
44,206.142651,206.571222
51,206.571222,206.99979299999998
44,206.571222,206.99979299999998
51,206.99979299999998,207.28550699999997
44,206.99979299999998,207.28550699999997
51,207.28550699999997,207.428364
44,207.28550699999997,207.428364
46,207.428364,207.856935
39,207.428364,207.856935
46,207.856935,208.28550599999997
39,207.856935,208.28550599999997
46,208.28550599999997,208.71407699999997
39,208.28550599999997,208.71407699999997
46,208.71407699999997,208.999791
39,208.71407699999997,208.999791
46,208.999791,209.142648
39,208.999791,209.142648
48,209.142648,209.571219
41,209.142648,209.571219
48,209.571219,209.99979
41,209.571219,209.99979
48,209.99979,210.428361
41,209.99979,210.428361
48,210.428361,210.71407499999998
41,210.428361,210.71407499999998
48,210.71407499999998,210.856932
41,210.71407499999998,210.856932
44,210.856932,211.28550299999998
37,210.856932,211.28550299999998
44,211.28550299999998,211.71407399999998
37,211.28550299999998,211.71407399999998
44,211.71407399999998,212.142645
37,211.71407399999998,212.142645
44,212.142645,212.428359
37,212.142645,212.428359
44,212.428359,212.57121599999996
37,212.428359,212.57121599999996
51,212.57121599999996,212.999787
44,212.57121599999996,212.999787
51,212.999787,213.428358
44,212.999787,213.428358
51,213.428358,213.856929
44,213.428358,213.856929
51,213.856929,214.142643
44,213.856929,214.142643
51,214.142643,214.28549999999998
44,214.142643,214.28549999999998
43,214.28549999999998,214.714071
36,214.28549999999998,214.714071
43,214.714071,215.142642
36,214.714071,215.142642
43,215.142642,215.57121299999997
36,215.142642,215.57121299999997
43,215.57121299999997,215.856927
36,215.57121299999997,215.856927
43,215.856927,215.99978399999998
36,215.856927,215.99978399999998
43,215.99978399999998,216.42835499999998
36,215.99978399999998,216.42835499999998
43,216.42835499999998,216.85692600000002
36,216.42835499999998,216.85692600000002
43,216.85692600000002,217.285497
36,216.85692600000002,217.285497
43,217.285497,217.57121099999998
36,217.285497,217.57121099999998
43,217.57121099999998,217.714068
36,217.57121099999998,217.714068
43,217.714068,218.142639
36,217.714068,218.142639
43,218.142639,218.57120999999998
36,218.142639,218.57120999999998
43,218.57120999999998,218.99978099999998
36,218.57120999999998,218.99978099999998
43,218.99978099999998,219.285495
36,218.99978099999998,219.285495
43,219.285495,219.428352
36,219.285495,219.428352
43,219.428352,219.85692299999997
36,219.428352,219.85692299999997
43,219.85692299999997,220.28549399999997
36,219.85692299999997,220.28549399999997
43,220.28549399999997,220.714065
36,220.28549399999997,220.714065
43,220.714065,220.999779
36,220.714065,220.999779
43,220.999779,221.142636
36,220.999779,221.142636
48,221.142636,221.571207
41,221.142636,221.571207
48,221.571207,221.85692099999997
41,221.571207,221.85692099999997
48,221.85692099999997,221.999778
41,221.85692099999997,221.999778
44,221.999778,222.428349
37,221.999778,222.428349
44,222.428349,222.71406299999998
37,222.428349,222.71406299999998
44,222.71406299999998,222.85691999999997
37,222.71406299999998,222.85691999999997
51,222.85691999999997,223.28549099999998
44,222.85691999999997,223.28549099999998
51,223.28549099999998,223.571205
44,223.28549099999998,223.571205
51,223.571205,223.71406199999998
44,223.571205,223.71406199999998
46,223.71406199999998,224.14263300000002
39,223.71406199999998,224.14263300000002
46,224.14263300000002,224.428347
39,224.14263300000002,224.428347
46,224.428347,224.571204
39,224.428347,224.571204
48,224.571204,224.999775
41,224.571204,224.999775
48,224.999775,225.28548899999998
41,224.999775,225.28548899999998
48,225.28548899999998,225.428346
41,225.28548899999998,225.428346
44,225.428346,225.85691699999998
37,225.428346,225.85691699999998
44,225.85691699999998,226.14263099999997
37,225.85691699999998,226.14263099999997
44,226.14263099999997,226.285488
37,226.14263099999997,226.285488
51,226.285488,226.714059
44,226.285488,226.714059
51,226.714059,226.999773
44,226.714059,226.999773
51,226.999773,227.14262999999997
44,226.999773,227.14262999999997
46,227.14262999999997,227.57120099999997
39,227.14262999999997,227.57120099999997
46,227.57120099999997,227.856915
39,227.57120099999997,227.856915
46,227.856915,227.999772
39,227.856915,227.999772
48,227.999772,228.428343
41,227.999772,228.428343
48,228.428343,228.714057
41,228.428343,228.714057
48,228.714057,228.856914
41,228.714057,228.856914
44,228.856914,229.285485
37,228.856914,229.285485
44,229.285485,229.57119899999998
37,229.285485,229.57119899999998
44,229.57119899999998,229.714056
37,229.57119899999998,229.714056
51,229.714056,230.14262699999998
44,229.714056,230.14262699999998
51,230.14262699999998,230.42834100000002
44,230.14262699999998,230.42834100000002
51,230.42834100000002,230.57119799999998
44,230.42834100000002,230.57119799999998
46,230.57119799999998,230.999769
39,230.57119799999998,230.999769
46,230.999769,231.285483
39,230.999769,231.285483
46,231.285483,231.42833999999996
39,231.285483,231.42833999999996
48,231.42833999999996,231.856911
41,231.42833999999996,231.856911
48,231.856911,232.14262499999998
41,231.856911,232.14262499999998
48,232.14262499999998,232.285482
41,232.14262499999998,232.285482
44,232.285482,232.714053
37,232.285482,232.714053
44,232.714053,232.999767
37,232.714053,232.999767
44,232.999767,233.14262399999998
37,232.999767,233.14262399999998
58,233.14262399999998,233.571195
51,233.14262399999998,233.571195
55,233.571195,233.999766
48,233.571195,233.999766
53,233.999766,234.42833699999997
48,234.42833699999997,246.85243171875
41,234.42833699999997,246.85243171875
41,6.285708,6.357136499999999
41,6.357136499999999,6.428565
41,6.428565,6.857136
41,6.857136,7.0714215
38,7.2857069999999995,7.4999925
41,7.571421,7.714278
41,7.714278,7.8571349999999995
38,8.142849,8.285706
41,8.428562999999999,8.57142
41,8.57142,8.714277
38,8.999991,9.142847999999999
41,9.285705,9.428562
41,9.428562,9.571419
41,9.571419,9.714276
41,9.714276,9.857133
41,9.857133,9.999989999999999
38,9.857133,9.999989999999999
41,9.999989999999999,10.142847
41,10.142847,10.285703999999999
41,10.285703999999999,10.4999895
38,10.714275,10.928560499999998
41,10.999989,11.142845999999999
41,11.142845999999999,11.285703
38,11.571416999999999,11.714273999999998
41,11.857131,11.999988
41,11.999988,12.142845
49,11.999988,12.428559
38,12.428559,12.571416
49,12.428559,12.85713
41,12.714272999999999,12.85713
41,12.85713,12.999986999999999
41,12.999986999999999,13.142843999999998
41,13.142843999999998,13.285700999999998
49,12.85713,13.285700999999998
41,13.285700999999998,13.428558
38,13.285700999999998,13.428558
41,13.428558,13.571415
41,13.571415,13.714272
49,13.285700999999998,13.714272
36,13.714272,13.857129
49,13.714272,14.142843
38,14.142843,14.285699999999999
49,14.142843,14.571413999999999
36,14.428557,14.571413999999999
36,14.571413999999999,14.714270999999998
49,14.571413999999999,14.999985
38,14.999985,15.142842
49,14.999985,15.428556
36,15.285699,15.428556
36,15.428556,15.571413
49,15.428556,15.857126999999998
38,15.857126999999998,15.999984
36,16.142841,16.285698
49,15.857126999999998,16.285698
36,16.285698,16.428555
36,16.428555,16.571412
36,16.571412,16.714268999999998
49,16.285698,16.714268999999998
38,16.714268999999998,16.857125999999997
36,16.857125999999997,16.999983
49,16.714268999999998,17.14284
36,16.999983,17.14284
36,17.14284,17.285697
49,17.14284,17.571411
38,17.571411,17.714268
49,17.571411,17.999982
36,17.857125,17.999982
36,17.999982,18.142839
49,17.999982,18.428552999999997
38,18.428552999999997,18.57141
49,18.428552999999997,18.857124
36,18.714267,18.857124
36,18.857124,18.999981
49,18.857124,19.285695
38,19.285695,19.428552
36,19.571409,19.714266
49,19.285695,19.714266
36,19.714266,19.857122999999998
36,19.857122999999998,19.999979999999997
36,19.999979999999997,20.142837
49,19.714266,20.142837
38,20.142837,20.285694
36,20.285694,20.428551
49,20.142837,20.571407999999998
36,20.428551,20.571407999999998
36,20.571407999999998,20.714265
49,20.571407999999998,20.999979
38,20.999979,21.142836
36,21.285693,21.42855
51,20.999979,21.42855
36,21.42855,21.571406999999997
51,21.42855,21.857120999999996
38,21.857120999999996,21.999978
51,21.857120999999996,22.285691999999997
36,22.142835,22.285691999999997
36,22.285691999999997,22.428549
51,22.285691999999997,22.714263
38,22.714263,22.85712
51,22.714263,23.142833999999997
36,22.999977,23.142833999999997
36,23.142833999999997,23.285691
36,23.285691,23.428547999999996
51,23.142833999999997,23.571405
36,23.428547999999996,23.571405
38,23.571405,23.714262
36,23.714262,23.857118999999997
51,23.571405,23.999976
36,23.857118999999997,23.999976
36,23.999976,24.142833
51,23.999976,24.428547
38,24.428547,24.571404
36,24.714260999999997,24.857118
51,24.428547,24.857118
36,24.857118,24.999974999999996
51,24.857118,25.285689
38,25.285689,25.428545999999997
36,25.571403,25.71426
51,25.285689,25.71426
36,25.71426,25.857117
51,25.71426,26.142831
38,26.142831,26.285687999999997
36,26.428545,26.571401999999996
51,26.142831,26.571401999999996
36,26.571401999999996,26.714259
36,26.714259,26.857116
36,26.857116,26.999972999999997
51,26.571401999999996,26.999972999999997
38,26.999972999999997,27.14283
36,27.14283,27.285687
36,27.285687,27.428544
51,26.999972999999997,27.428544
36,27.428544,27.571400999999998
49,27.428544,27.857114999999997
38,27.857114999999997,27.999972
51,27.857114999999997,28.285686
36,28.142828999999995,28.285686
36,28.285686,28.428543
51,28.285686,28.714257
38,28.714257,28.857114
51,28.714257,29.142827999999998
36,28.999971,29.142827999999998
36,29.142827999999998,29.285685
51,29.142827999999998,29.571399
38,29.571399,29.714255999999995
51,29.571399,29.99997
36,29.857113,29.99997
36,29.99997,30.142826999999997
36,30.142826999999997,30.285684
51,29.99997,30.428541
36,30.285684,30.428541
38,30.428541,30.571398
36,30.571398,30.714254999999998
51,30.428541,30.857112
36,30.714254999999998,30.857112
36,30.857112,30.999968999999997
51,30.857112,31.285682999999995
38,31.285682999999995,31.428539999999998
51,31.285682999999995,31.714253999999997
36,31.571397,31.714253999999997
36,31.714253999999997,31.857111
51,31.714253999999997,32.142824999999995
38,32.142824999999995,32.285682
51,32.142824999999995,32.571396
36,32.428539,32.571396
36,32.571396,32.714253
49,32.571396,32.999967
38,32.999967,33.142824
36,33.285681,33.428537999999996
49,32.999967,33.428537999999996
38,33.428537999999996,33.571395
38,33.571395,33.714251999999995
38,33.714251999999995,33.857109
49,33.428537999999996,33.857109
38,33.857109,33.999966
38,33.999966,34.142823
49,33.857109,34.28568
38,34.142823,34.28568
36,34.28568,34.428537
49,34.28568,34.714251
38,34.714251,34.857108
36,34.999964999999996,35.142822
51,34.714251,35.142822
36,35.142822,35.285678999999995
51,35.142822,35.571393
38,35.571393,35.71425
36,35.857107,35.999964
51,35.571393,35.999964
36,35.999964,36.142821
51,35.999964,36.428535
38,36.428535,36.571391999999996
36,36.714249,36.857105999999995
51,36.428535,36.857105999999995
36,36.857105999999995,36.999963
36,36.999963,37.14282
51,36.857105999999995,37.285677
36,37.14282,37.285677
38,37.285677,37.428534
36,37.428534,37.571391
36,37.571391,37.714248
51,37.285677,37.714248
36,37.714248,37.857105
51,37.714248,38.142818999999996
38,38.142818999999996,38.285676
36,38.428532999999995,38.57139
51,38.142818999999996,38.57139
36,38.57139,38.714247
51,38.57139,38.999961
38,38.999961,39.142818
36,39.285675,39.428532
51,38.999961,39.428532
36,39.428532,39.571388999999996
51,39.428532,39.857103
38,39.857103,39.999959999999994
36,40.142817,40.285674
51,39.857103,40.285674
36,40.285674,40.428531
36,40.428531,40.571388
36,40.571388,40.714245
51,40.285674,40.714245
38,40.714245,40.857102
36,40.857102,40.999959
36,40.999959,41.142815999999996
51,40.714245,41.142815999999996
36,41.142815999999996,41.285672999999996
49,41.142815999999996,41.571386999999994
38,41.571386999999994,41.714244
51,41.571386999999994,41.999958
36,41.857101,41.999958
36,41.999958,42.142815
51,41.999958,42.428529
38,42.428529,42.571386
51,42.428529,42.8571
36,42.714243,42.8571
36,42.8571,42.999956999999995
51,42.8571,43.285671
38,43.285671,43.428528
36,43.571385,43.71424199999999
51,43.285671,43.71424199999999
36,43.71424199999999,43.857099
36,43.857099,43.999956
51,43.71424199999999,44.142813
36,43.999956,44.142813
38,44.142813,44.28567
36,44.28567,44.428527
36,44.428527,44.571383999999995
51,44.142813,44.571383999999995
36,44.571383999999995,44.714240999999994
51,44.571383999999995,44.999955
38,44.999955,45.142812
36,45.28566899999999,45.428526
51,44.999955,45.428526
36,45.428526,45.571383
51,45.428526,45.857097
38,45.857097,45.999954
36,46.142810999999995,46.285667999999994
51,45.857097,46.285667999999994
36,46.285667999999994,46.428525
49,46.285667999999994,46.714239
38,46.714239,46.85709599999999
36,46.999953,47.14281
49,46.714239,47.14281
38,47.14281,47.285667
38,47.285667,47.428524
38,47.428524,47.571381
49,47.14281,47.571381
38,47.571381,47.714237999999995
38,47.714237999999995,47.857094999999994
38,47.857094999999994,47.999952
49,47.571381,47.999952
36,47.999952,48.142809
49,47.999952,48.42852299999999
38,48.42852299999999,48.57138
49,48.42852299999999,48.857094
36,48.714237,48.857094
36,48.857094,48.999951
49,48.857094,49.285664999999995
38,49.285664999999995,49.428521999999994
49,49.285664999999995,49.714236
36,49.571379,49.714236
36,49.714236,49.857093
49,49.714236,50.142807
38,50.142807,50.285664
49,50.142807,50.571378
36,50.428520999999996,50.571378
36,50.571378,50.714235
36,50.714235,50.857091999999994
36,50.857091999999994,50.999948999999994
49,50.571378,50.999948999999994
38,50.999948999999994,51.142806
36,51.142806,51.285663
49,50.999948999999994,51.42852
36,51.285663,51.42852
36,51.42852,51.57137699999999
49,51.42852,51.857091
38,51.857091,51.999947999999996
49,51.857091,52.285662
36,52.142805,52.285662
36,52.285662,52.428518999999994
49,52.285662,52.714233
38,52.714233,52.85709
49,52.714233,53.14280399999999
36,52.999947,53.14280399999999
36,53.14280399999999,53.285661
49,53.14280399999999,53.571374999999996
38,53.571374999999996,53.714232
49,53.571374999999996,53.999945999999994
36,53.857089,53.999945999999994
36,53.999945999999994,54.142802999999994
36,54.142802999999994,54.28566
36,54.28566,54.428517
49,53.999945999999994,54.428517
38,54.428517,54.571374
36,54.571374,54.71423099999999
49,54.428517,54.857088
36,54.71423099999999,54.857088
36,54.857088,54.999945
49,54.857088,55.285659
38,55.285659,55.428516
49,55.285659,55.71422999999999
36,55.571372999999994,55.71422999999999
36,55.71422999999999,55.857087
49,55.71422999999999,56.142801
38,56.142801,56.28565799999999
49,56.142801,56.571372
36,56.428515,56.571372
36,56.571372,56.714228999999996
49,56.571372,56.999943
38,56.999943,57.142799999999994
49,56.999943,57.428514
36,57.28565699999999,57.428514
36,57.428514,57.571371
36,57.571371,57.714228
49,57.428514,57.85708499999999
36,57.714228,57.85708499999999
38,57.85708499999999,57.999942
36,57.999942,58.142799
49,57.85708499999999,58.285655999999996
36,58.142799,58.285655999999996
36,58.285655999999996,58.428513
49,58.285655999999996,58.714226999999994
38,58.714226999999994,58.85708399999999
49,58.714226999999994,59.142798
36,58.999941,59.142798
36,59.142798,59.285655
49,59.142798,59.571369
38,59.571369,59.714226
49,59.571369,59.99994
36,59.857082999999996,59.99994
36,59.99994,60.142797
49,59.99994,60.42851099999999
38,60.42851099999999,60.571368
49,60.42851099999999,60.857082
36,60.714225,60.857082
36,60.857082,60.99993899999999
36,60.99993899999999,61.142796
36,61.142796,61.285652999999996
49,60.857082,61.285652999999996
38,61.285652999999996,61.428509999999996
36,61.428509999999996,61.571367
49,61.285652999999996,61.714224
36,61.571367,61.714224
36,61.714224,62.142795
49,61.714224,62.142795
41,62.857079999999996,62.92850849999999
41,62.92850849999999,62.999936999999996
41,62.999936999999996,63.428507999999994
41,63.428507999999994,63.6427935
38,63.857079,64.0713645
41,64.142793,64.28564999999999
41,64.28564999999999,64.428507
38,64.714221,64.857078
41,64.999935,65.142792
41,65.142792,65.28564899999999
38,65.571363,65.71422
41,65.85707699999999,65.999934
41,65.999934,66.142791
41,66.142791,66.285648
41,66.285648,66.428505
41,66.428505,66.571362
38,66.428505,66.571362
41,66.571362,66.714219
41,66.714219,66.85707599999999
41,66.85707599999999,67.0713615
38,67.285647,67.4999325
41,67.571361,67.714218
41,67.714218,67.857075
38,68.142789,68.285646
41,68.42850299999999,68.57136
41,68.57136,68.714217
49,68.57136,68.99993099999999
38,68.99993099999999,69.142788
41,69.285645,69.428502
49,68.99993099999999,69.428502
41,69.428502,69.571359
41,69.571359,69.714216
41,69.714216,69.857073
49,69.428502,69.857073
41,69.857073,69.99992999999999
38,69.857073,69.99992999999999
41,69.99992999999999,70.142787
41,70.142787,70.285644
49,69.857073,70.285644
36,70.285644,70.428501
49,70.285644,70.714215
38,70.714215,70.857072
36,70.999929,71.142786
51,70.714215,71.142786
36,71.142786,71.285643
51,71.142786,71.57135699999999
38,71.57135699999999,71.714214
36,71.857071,71.999928
51,71.57135699999999,71.999928
36,71.999928,72.14278499999999
51,71.999928,72.428499
38,72.428499,72.571356
36,72.714213,72.85707
51,72.428499,72.85707
36,72.85707,72.999927
36,72.999927,73.14278399999999
51,72.85707,73.285641
36,73.14278399999999,73.285641
38,73.285641,73.428498
36,73.428498,73.571355
36,73.571355,73.71421199999999
51,73.285641,73.71421199999999
36,73.71421199999999,73.857069
51,73.71421199999999,74.142783
38,74.142783,74.28564
36,74.428497,74.571354
51,74.142783,74.571354
36,74.571354,74.71421099999999
51,74.571354,74.999925
38,74.999925,75.142782
36,75.28563899999999,75.428496
51,74.999925,75.428496
36,75.428496,75.571353
51,75.428496,75.857067
38,75.857067,75.999924
36,76.142781,76.28563799999999
51,75.857067,76.28563799999999
36,76.28563799999999,76.428495
36,76.428495,76.571352
36,76.571352,76.714209
51,76.28563799999999,76.714209
38,76.714209,76.85706599999999
36,76.85706599999999,76.999923
36,76.999923,77.14278
51,76.714209,77.14278
36,77.14278,77.285637
49,77.14278,77.57135099999999
38,77.57135099999999,77.714208
36,77.85706499999999,77.999922
51,77.57135099999999,77.999922
36,77.999922,78.142779
51,77.999922,78.42849299999999
38,78.42849299999999,78.57135
51,78.42849299999999,78.857064
36,78.714207,78.857064
36,78.857064,78.999921
51,78.857064,79.285635
38,79.285635,79.42849199999999
51,79.285635,79.714206
36,79.571349,79.714206
36,79.714206,79.857063
36,79.857063,79.99991999999999
51,79.714206,80.142777
36,79.99991999999999,80.142777
38,80.142777,80.285634
36,80.285634,80.428491
51,80.142777,80.571348
36,80.428491,80.571348
36,80.571348,80.71420499999999
51,80.571348,80.99991899999999
38,80.99991899999999,81.142776
51,80.99991899999999,81.42849
36,81.285633,81.42849
36,81.42849,81.57134699999999
51,81.42849,81.857061
38,81.857061,81.999918
51,81.857061,82.28563199999999
36,82.142775,82.28563199999999
36,82.28563199999999,82.428489
49,82.28563199999999,82.714203
38,82.714203,82.85706
36,82.999917,83.14277399999999
49,82.714203,83.14277399999999
38,83.14277399999999,83.285631
38,83.285631,83.428488
38,83.428488,83.571345
49,83.14277399999999,83.571345
38,83.571345,83.714202
38,83.714202,83.85705899999999
49,83.571345,83.999916
38,83.85705899999999,83.999916
36,83.999916,84.14277299999999
49,83.999916,84.428487
38,84.428487,84.571344
36,84.71420099999999,84.857058
51,84.428487,84.857058
36,84.857058,84.999915
51,84.857058,85.285629
38,85.285629,85.428486
51,85.285629,85.7142
36,85.571343,85.7142
36,85.7142,85.857057
51,85.7142,86.142771
38,86.142771,86.28562799999999
51,86.142771,86.571342
36,86.42848500000001,86.571342
36,86.571342,86.714199
36,86.714199,86.857056
51,86.571342,86.99991299999999
36,86.857056,86.99991299999999
38,86.99991299999999,87.14277
36,87.14277,87.28562699999999
51,86.99991299999999,87.42848399999998
36,87.28562699999999,87.42848399999998
36,87.42848399999998,87.571341
51,87.42848399999998,87.857055
38,87.857055,87.999912
51,87.857055,88.285626
36,88.14276899999999,88.285626
36,88.285626,88.42848299999999
51,88.285626,88.714197
38,88.714197,88.857054
51,88.714197,89.14276799999999
36,88.999911,89.14276799999999
36,89.14276799999999,89.285625
51,89.14276799999999,89.57133900000001
38,89.57133900000001,89.714196
36,89.857053,89.99991
51,89.57133900000001,89.99991
36,89.99991,90.14276699999999
36,90.14276699999999,90.285624
36,90.285624,90.42848099999999
51,89.99991,90.42848099999999
38,90.42848099999999,90.57133799999998
36,90.57133799999998,90.714195
51,90.42848099999999,90.857052
36,90.714195,90.857052
36,90.857052,90.999909
49,90.857052,91.28562299999999
38,91.28562299999999,91.42848
36,91.57133699999999,91.714194
51,91.28562299999999,91.714194
36,91.714194,91.857051
51,91.714194,92.142765
38,92.142765,92.28562199999999
51,92.142765,92.57133599999999
36,92.428479,92.57133599999999
36,92.57133599999999,92.71419300000001
51,92.57133599999999,92.999907
38,92.999907,93.142764
51,92.999907,93.428478
36,93.28562099999999,93.428478
36,93.428478,93.57133499999999
36,93.57133499999999,93.71419199999998
51,93.428478,93.857049
36,93.71419199999998,93.857049
38,93.857049,93.999906
36,93.999906,94.142763
51,93.857049,94.28562
36,94.142763,94.28562
36,94.28562,94.42847699999999
51,94.28562,94.71419099999999
38,94.71419099999999,94.857048
51,94.71419099999999,95.142762
36,94.999905,95.142762
36,95.142762,95.285619
51,95.142762,95.571333
38,95.571333,95.71418999999999
51,95.571333,95.999904
36,95.85704700000001,95.999904
36,95.999904,96.142761
49,95.999904,96.42847499999999
38,96.42847499999999,96.571332
36,96.71418899999999,96.85704599999998
49,96.42847499999999,96.85704599999998
38,96.85704599999998,96.999903
38,96.999903,97.14276
38,97.14276,97.285617
49,96.85704599999998,97.285617
38,97.285617,97.428474
38,97.428474,97.57133099999999
49,97.285617,97.714188
38,97.57133099999999,97.714188
36,97.714188,97.85704499999999
49,97.714188,98.142759
38,98.142759,98.285616
49,98.142759,98.57132999999999
36,98.428473,98.57132999999999
36,98.57132999999999,98.714187
49,98.57132999999999,98.99990100000001
38,98.99990100000001,99.142758
49,98.99990100000001,99.428472
36,99.28561499999999,99.428472
36,99.428472,99.57132899999999
49,99.428472,99.85704299999999
38,99.85704299999999,99.99989999999998
49,99.85704299999999,100.285614
36,100.142757,100.285614
36,100.285614,100.428471
36,100.428471,100.571328
36,100.571328,100.71418499999999
49,100.285614,100.71418499999999
38,100.71418499999999,100.85704199999999
36,100.85704199999999,100.99989899999998
49,100.71418499999999,101.142756
36,100.99989899999998,101.142756
36,101.142756,101.285613
49,101.142756,101.571327
38,101.571327,101.71418399999999
49,101.571327,101.99989799999999
36,101.857041,101.99989799999999
36,101.99989799999999,102.14275500000001
49,101.99989799999999,102.42846899999999
38,102.42846899999999,102.571326
49,102.42846899999999,102.85704
36,102.71418299999999,102.85704
36,102.85704,102.99989699999999
49,102.85704,103.285611
38,103.285611,103.428468
49,103.285611,103.714182
36,103.571325,103.714182
36,103.714182,103.85703899999999
36,103.85703899999999,103.99989599999999
36,103.99989599999999,104.14275299999998
49,103.714182,104.14275299999998
38,104.14275299999998,104.28561
36,104.28561,104.428467
49,104.14275299999998,104.571324
36,104.428467,104.571324
36,104.571324,104.714181
49,104.571324,104.999895
38,104.999895,105.14275199999999
49,104.999895,105.428466
36,105.28560900000001,105.428466
36,105.428466,105.57132299999999
49,105.428466,105.85703699999999
38,105.85703699999999,105.999894
49,105.85703699999999,106.28560799999998
36,106.14275099999999,106.28560799999998
36,106.28560799999998,106.428465
49,106.28560799999998,106.714179
38,106.714179,106.857036
49,106.714179,107.14274999999999
36,106.99989299999999,107.14274999999999
36,107.14274999999999,107.28560699999998
36,107.28560699999998,107.428464
49,107.14274999999999,107.571321
36,107.428464,107.571321
38,107.571321,107.714178
36,107.714178,107.857035
49,107.571321,107.99989199999999
36,107.857035,107.99989199999999
36,107.99989199999999,108.142749
49,107.99989199999999,108.42846300000001
38,108.42846300000001,108.57132
49,108.42846300000001,108.857034
36,108.71417699999999,108.857034
36,108.857034,108.99989099999999
49,108.857034,109.28560499999999
38,109.28560499999999,109.42846199999998
49,109.28560499999999,109.714176
36,109.571319,109.714176
36,109.714176,109.857033
49,109.714176,110.14274699999999
38,110.14274699999999,110.28560399999999
49,110.14274699999999,110.571318
36,110.42846099999998,110.571318
36,110.571318,110.714175
36,110.714175,110.857032
36,110.857032,110.999889
49,110.571318,110.999889
38,110.999889,111.14274599999999
36,111.14274599999999,111.285603
49,110.999889,111.42845999999999
36,111.285603,111.42845999999999
36,111.42845999999999,111.85703099999999
49,111.42845999999999,111.85703099999999
41,112.57131599999998,112.64274449999999
41,112.64274449999999,112.714173
41,112.714173,113.142744
36,113.142744,113.28560099999999
49,113.142744,113.57131499999998
38,113.57131499999998,113.714172
49,113.57131499999998,113.999886
36,113.857029,113.999886
36,113.999886,114.142743
49,113.999886,114.428457
38,114.428457,114.57131399999999
49,114.428457,114.857028
36,114.71417100000001,114.857028
36,114.857028,114.99988499999999
49,114.857028,115.28559899999999
38,115.28559899999999,115.428456
49,115.28559899999999,115.71416999999998
36,115.57131299999999,115.71416999999998
36,115.71416999999998,115.857027
36,115.857027,115.999884
36,115.999884,116.142741
49,115.71416999999998,116.142741
38,116.142741,116.285598
36,116.285598,116.42845499999999
49,116.142741,116.57131199999999
36,116.42845499999999,116.57131199999999
36,116.57131199999999,116.71416899999998
49,116.57131199999999,116.999883
38,116.999883,117.14274
49,116.999883,117.42845399999999
36,117.285597,117.42845399999999
36,117.42845399999999,117.571311
49,117.42845399999999,117.85702500000001
38,117.85702500000001,117.999882
49,117.85702500000001,118.285596
36,118.14273899999999,118.285596
36,118.285596,118.42845299999999
49,118.285596,118.71416699999999
38,118.71416699999999,118.85702399999998
49,118.71416699999999,119.142738
36,118.999881,119.142738
36,119.142738,119.285595
36,119.285595,119.428452
36,119.428452,119.57130899999999
49,119.142738,119.57130899999999
38,119.57130899999999,119.71416599999999
36,119.71416599999999,119.85702299999998
49,119.57130899999999,119.99988
36,119.85702299999998,119.99988
36,119.99988,120.142737
49,119.99988,120.428451
38,120.428451,120.57130799999999
49,120.428451,120.85702199999999
36,120.714165,120.85702199999999
36,120.85702199999999,120.999879
49,120.85702199999999,121.28559299999999
38,121.28559299999999,121.42845
49,121.28559299999999,121.714164
36,121.57130699999999,121.714164
36,121.714164,121.85702099999999
49,121.714164,122.142735
38,122.142735,122.285592
49,122.142735,122.57130599999999
36,122.428449,122.57130599999999
36,122.57130599999999,122.71416299999999
36,122.71416299999999,122.85701999999999
36,122.85701999999999,122.99987699999998
49,122.57130599999999,122.99987699999998
38,122.99987699999998,123.142734
36,123.142734,123.285591
49,122.99987699999998,123.428448
36,123.285591,123.428448
36,123.428448,123.571305
49,123.428448,123.857019
38,123.857019,123.99987599999999
49,123.857019,124.28559
36,124.142733,124.28559
36,124.28559,124.42844699999999
49,124.28559,124.71416099999999
38,124.71416099999999,124.857018
49,124.71416099999999,125.14273199999998
36,124.99987499999999,125.14273199999998
36,125.14273199999998,125.285589
49,125.14273199999998,125.571303
38,125.571303,125.71415999999999
49,125.571303,125.99987399999999
36,125.85701699999998,125.99987399999999
36,125.99987399999999,126.14273099999998
36,126.14273099999998,126.285588
36,126.285588,126.428445
49,125.99987399999999,126.428445
38,126.428445,126.571302
36,126.571302,126.714159
49,126.428445,126.85701599999999
36,126.714159,126.85701599999999
36,126.85701599999999,126.999873
49,126.85701599999999,127.285587
38,127.285587,127.428444
49,127.285587,127.714158
36,127.57130099999999,127.714158
36,127.714158,127.85701499999999
49,127.714158,128.142729
38,128.142729,128.285586
49,128.142729,128.57129999999998
36,128.428443,128.57129999999998
36,128.57129999999998,128.714157
49,128.57129999999998,128.99987099999998
38,128.99987099999998,129.142728
49,128.99987099999998,129.428442
36,129.285585,129.428442
36,129.428442,129.57129899999998
36,129.57129899999998,129.714156
36,129.714156,129.857013
49,129.428442,129.857013
38,129.857013,129.99987
36,129.99987,130.142727
49,129.857013,130.285584
36,130.142727,130.285584
36,130.285584,130.428441
49,130.285584,130.71415499999998
38,130.71415499999998,130.857012
49,130.71415499999998,131.142726
36,130.999869,131.142726
36,131.142726,131.285583
49,131.142726,131.571297
38,131.571297,131.71415399999998
49,131.571297,131.999868
36,131.857011,131.999868
36,131.999868,132.14272499999998
49,131.999868,132.428439
38,132.428439,132.571296
49,132.428439,132.85701
36,132.71415299999998,132.85701
36,132.85701,132.999867
36,132.999867,133.142724
36,133.142724,133.285581
49,132.85701,133.285581
38,133.285581,133.428438
36,133.428438,133.571295
49,133.285581,133.71415199999998
36,133.571295,133.71415199999998
36,133.71415199999998,133.85700899999998
49,133.71415199999998,134.142723
38,134.142723,134.28558
49,134.142723,134.571294
36,134.428437,134.571294
36,134.571294,134.714151
49,134.571294,134.999865
38,134.999865,135.142722
49,134.999865,135.428436
36,135.28557899999998,135.428436
36,135.428436,135.571293
49,135.428436,135.85700699999998
38,135.85700699999998,135.999864
49,135.85700699999998,136.285578
36,136.142721,136.285578
36,136.285578,136.428435
36,136.428435,136.571292
36,136.571292,136.714149
49,136.285578,136.714149
38,136.714149,136.85700599999998
36,136.85700599999998,136.99986299999998
49,136.714149,137.14272
36,136.99986299999998,137.14272
36,137.14272,137.285577
49,137.14272,137.571291
38,137.571291,137.714148
49,137.571291,137.99986199999998
36,137.857005,137.99986199999998
36,137.99986199999998,138.142719
49,137.99986199999998,138.42843299999998
38,138.42843299999998,138.57129
49,138.42843299999998,138.857004
36,138.714147,138.857004
36,138.857004,138.99986099999998
49,138.857004,139.285575
38,139.285575,139.428432
49,139.285575,139.714146
36,139.571289,139.714146
36,139.714146,139.857003
36,139.857003,139.99985999999998
36,139.99985999999998,140.14271699999998
49,139.714146,140.14271699999998
38,140.14271699999998,140.285574
36,140.285574,140.428431
49,140.14271699999998,140.571288
36,140.428431,140.571288
36,140.571288,140.714145
36,140.999859,141.14271599999998
36,141.42843,141.57128699999998
36,141.857001,141.999858
36,142.285572,142.428429
36,142.714143,142.857
36,143.14271399999998,143.28557099999998
36,143.571285,143.714142
36,143.999856,144.142713
36,144.428427,144.571284
36,144.856998,144.999855
36,145.28556899999998,145.428426
36,145.71414,145.856997
36,146.142711,146.28556799999998
36,146.571282,146.714139
36,146.999853,147.14271
36,147.42842399999998,147.571281
36,147.856995,147.999852
36,148.285566,148.42842299999998
36,148.714137,148.856994
36,149.142708,149.285565
36,149.57127899999998,149.714136
36,149.99985,150.142707
36,150.428421,150.57127799999998
36,150.856992,150.999849
36,151.285563,151.42842
36,151.714134,151.856991
36,152.142705,152.285562
36,152.57127599999998,152.71413299999998
36,152.999847,153.142704
36,153.428418,153.57127499999999
46,153.71413199999998,153.856989
36,153.856989,153.999846
38,153.856989,153.999846
44,153.856989,153.999846
41,154.28556,154.4998455
38,154.71413099999998,154.9284165
41,154.999845,155.14270199999999
41,155.14270199999999,155.285559
38,155.571273,155.71412999999998
41,155.85698699999998,155.999844
41,155.999844,156.142701
38,156.428415,156.571272
41,156.71412899999999,156.85698599999998
41,156.85698599999998,156.999843
41,156.999843,157.1427
41,157.1427,157.285557
41,157.285557,157.428414
38,157.285557,157.428414
41,157.428414,157.571271
41,157.571271,157.714128
41,157.714128,157.9284135
38,158.142699,158.35698449999998
41,158.428413,158.57127
41,158.57127,158.714127
38,158.99984099999998,159.142698
41,159.285555,159.428412
41,159.428412,159.571269
49,159.428412,159.85698299999999
38,159.85698299999999,159.99983999999998
49,159.85698299999999,160.285554
41,160.142697,160.285554
41,160.285554,160.428411
41,160.428411,160.571268
41,160.571268,160.714125
49,160.285554,160.714125
41,160.714125,160.856982
38,160.714125,160.856982
41,160.856982,160.99983899999998
41,160.99983899999998,161.142696
49,160.714125,161.142696
41,161.142696,161.3569815
38,161.571267,161.7855525
41,161.856981,161.99983799999998
41,161.99983799999998,162.14269499999997
38,162.428409,162.571266
41,162.714123,162.85698
41,162.85698,162.99983699999999
38,163.285551,163.428408
41,163.571265,163.714122
41,163.714122,163.856979
41,163.856979,163.999836
41,163.999836,164.14269299999998
41,164.14269299999998,164.28555
38,164.14269299999998,164.28555
41,164.28555,164.428407
41,164.428407,164.57126399999999
41,164.57126399999999,164.78554949999997
38,164.999835,165.2141205
41,165.28554899999997,165.428406
41,165.428406,165.571263
38,165.856977,165.999834
41,166.14269099999999,166.28554799999998
41,166.28554799999998,166.428405
49,166.28554799999998,166.714119
38,166.714119,166.856976
49,166.714119,167.14269
41,166.999833,167.14269
41,167.14269,167.28554699999998
41,167.28554699999998,167.428404
41,167.428404,167.571261
49,167.14269,167.571261
41,167.571261,167.71411799999998
38,167.571261,167.71411799999998
41,167.71411799999998,167.856975
41,167.856975,167.999832
49,167.571261,167.999832
41,167.999832,168.2141175
38,168.42840299999997,168.6426885
41,168.714117,168.856974
41,168.856974,168.999831
38,169.28554499999998,169.42840199999998
41,169.571259,169.714116
41,169.714116,169.856973
38,170.142687,170.285544
41,170.42840099999998,170.571258
41,170.571258,170.714115
41,170.714115,170.856972
41,170.856972,170.99982899999998
41,170.99982899999998,171.142686
38,170.99982899999998,171.142686
41,171.142686,171.285543
41,171.285543,171.4284
41,171.4284,171.6426855
38,171.85697100000002,172.0712565
41,172.142685,172.285542
41,172.285542,172.42839899999998
38,172.714113,172.85697000000002
41,172.99982699999998,173.142684
41,173.142684,173.285541
49,173.142684,173.57125499999998
38,173.57125499999998,173.714112
49,173.57125499999998,173.99982599999998
41,173.85696899999996,173.99982599999998
41,173.99982599999998,174.142683
41,174.142683,174.28554
41,174.28554,174.428397
49,173.99982599999998,174.428397
41,174.428397,174.57125399999998
38,174.428397,174.57125399999998
41,174.57125399999998,174.714111
41,174.714111,174.85696799999997
49,174.428397,174.85696799999997
41,174.85696799999997,175.07125349999998
38,175.285539,175.49982450000002
41,175.57125299999998,175.71411
41,175.71411,175.85696699999997
38,176.142681,176.28553799999997
41,176.428395,176.571252
41,176.571252,176.714109
38,176.999823,177.14268
41,177.28553699999998,177.428394
41,177.428394,177.571251
41,177.571251,177.714108
41,177.714108,177.85696499999997
41,177.85696499999997,177.999822
38,177.85696499999997,177.999822
41,177.999822,178.14267900000002
41,178.14267900000002,178.28553599999998
41,178.28553599999998,178.49982149999997
38,178.71410699999998,178.92839249999997
41,178.999821,179.14267800000002
41,179.14267800000002,179.28553499999998
38,179.571249,179.714106
41,179.85696299999998,179.99982
41,179.99982,180.14267699999996
49,179.99982,180.428391
38,180.428391,180.571248
49,180.428391,180.85696199999998
41,180.714105,180.85696199999998
41,180.85696199999998,180.999819
41,180.999819,181.14267599999997
41,181.14267599999997,181.285533
49,180.85696199999998,181.285533
41,181.285533,181.42839
38,181.285533,181.42839
41,181.42839,181.571247
41,181.571247,181.714104
49,181.285533,181.714104
41,181.714104,181.92838949999998
38,182.14267499999997,182.35696049999999
41,182.428389,182.57124599999997
41,182.57124599999997,182.714103
38,182.999817,183.14267399999997
41,183.285531,183.428388
41,183.428388,183.57124499999998
38,183.856959,183.999816
41,184.14267299999997,184.28553
41,184.28553,184.42838700000001
41,184.42838700000001,184.57124399999998
41,184.57124399999998,184.714101
41,184.714101,184.856958
38,184.714101,184.856958
41,184.856958,184.99981499999998
41,184.99981499999998,185.14267199999998
41,185.14267199999998,185.3569575
38,185.57124299999998,185.78552849999997
41,185.856957,185.999814
41,185.999814,186.14267099999998
38,186.42838499999996,186.57124199999998
41,186.714099,186.856956
41,186.856956,186.999813
49,186.856956,187.285527
38,187.285527,187.42838399999997
49,187.285527,187.714098
41,187.571241,187.714098
41,187.714098,187.856955
41,187.856955,187.999812
41,187.999812,188.14266899999998
49,187.714098,188.14266899999998
41,188.14266899999998,188.285526
38,188.14266899999998,188.285526
41,188.285526,188.42838299999997
41,188.42838299999997,188.57124
49,188.14266899999998,188.57124
36,188.57124,188.714097
49,188.57124,188.999811
38,188.999811,189.142668
49,188.999811,189.42838199999997
36,189.285525,189.42838199999997
36,189.42838199999997,189.571239
49,189.42838199999997,189.85695299999998
38,189.85695299999998,189.99981
49,189.85695299999998,190.285524
36,190.142667,190.285524
36,190.285524,190.42838099999997
49,190.285524,190.71409500000001
38,190.71409500000001,190.85695199999998
49,190.71409500000001,191.142666
36,190.999809,191.142666
36,191.142666,191.28552299999998
36,191.28552299999998,191.42837999999998
36,191.42837999999998,191.571237
49,191.142666,191.571237
38,191.571237,191.71409400000002
36,191.71409400000002,191.85695099999998
49,191.571237,191.999808
36,191.85695099999998,191.999808
36,191.999808,192.142665
49,191.999808,192.42837899999998
38,192.42837899999998,192.571236
49,192.42837899999998,192.85694999999998
36,192.71409299999996,192.85694999999998
36,192.85694999999998,192.999807
49,192.85694999999998,193.285521
38,193.285521,193.42837799999998
49,193.285521,193.71409199999997
36,193.571235,193.71409199999997
36,193.71409199999997,193.856949
49,193.71409199999997,194.142663
38,194.142663,194.28552
49,194.142663,194.571234
36,194.42837699999998,194.571234
36,194.571234,194.71409099999997
36,194.71409099999997,194.856948
36,194.856948,194.999805
49,194.571234,194.999805
38,194.999805,195.14266199999997
36,195.14266199999997,195.285519
49,194.999805,195.428376
36,195.285519,195.428376
36,195.428376,195.571233
49,195.428376,195.856947
38,195.856947,195.999804
49,195.856947,196.285518
36,196.14266099999998,196.285518
36,196.285518,196.428375
49,196.285518,196.71408899999997
38,196.71408899999997,196.856946
49,196.71408899999997,197.14265999999998
36,196.999803,197.14265999999998
36,197.14265999999998,197.285517
49,197.14265999999998,197.57123099999998
38,197.57123099999998,197.71408799999998
49,197.57123099999998,197.99980200000002
36,197.856945,197.99980200000002
36,197.99980200000002,198.14265899999998
36,198.14265899999998,198.285516
49,197.99980200000002,198.428373
36,198.285516,198.428373
38,198.428373,198.57122999999999
36,198.57122999999999,198.71408699999998
49,198.428373,198.856944
36,198.71408699999998,198.856944
36,198.856944,198.99980099999996
49,198.856944,199.285515
38,199.285515,199.428372
49,199.285515,199.71408599999998
36,199.571229,199.71408599999998
36,199.71408599999998,199.856943
49,199.71408599999998,200.14265699999999
38,200.14265699999999,200.285514
49,200.14265699999999,200.571228
36,200.428371,200.571228
36,200.571228,200.71408499999998
49,200.571228,200.99979899999997
38,200.99979899999997,201.142656
49,200.99979899999997,201.42836999999997
36,201.285513,201.42836999999997
36,201.42836999999997,201.571227
36,201.571227,201.71408399999999
36,201.71408399999999,201.856941
49,201.42836999999997,201.856941
38,201.856941,201.99979799999997
36,201.99979799999997,202.142655
49,201.856941,202.285512
36,202.142655,202.285512
36,202.285512,202.42836899999998
49,202.285512,202.714083
38,202.714083,202.85694
49,202.714083,203.142654
36,202.99979699999997,203.142654
36,203.142654,203.285511
49,203.142654,203.571225
38,203.571225,203.714082
36,203.85693899999998,203.99979599999998
49,203.571225,203.99979599999998
36,203.99979599999998,204.142653
49,203.99979599999998,204.42836699999998
38,204.42836699999998,204.571224
49,204.42836699999998,204.85693799999999
36,204.714081,204.85693799999999
36,204.85693799999999,204.99979499999998
36,204.99979499999998,205.142652
36,205.142652,205.28550899999996
49,204.85693799999999,205.28550899999996
38,205.28550899999996,205.42836599999998
36,205.42836599999998,205.571223
36,205.571223,205.71408
49,205.28550899999996,205.71408
36,205.71408,205.856937
49,205.71408,206.142651
38,206.142651,206.28550799999996
49,206.142651,206.571222
36,206.42836499999999,206.571222
36,206.571222,206.714079
49,206.571222,206.99979299999998
38,206.99979299999998,207.14265
36,207.28550699999997,207.428364
49,206.99979299999998,207.428364
36,207.428364,207.571221
49,207.428364,207.856935
38,207.856935,207.99979199999999
49,207.856935,208.28550599999997
36,208.142649,208.28550599999997
36,208.28550599999997,208.428363
36,208.428363,208.57122
36,208.57122,208.71407699999997
49,208.28550599999997,208.71407699999997
38,208.71407699999997,208.856934
36,208.856934,208.999791
36,208.999791,209.142648
49,208.71407699999997,209.142648
36,209.142648,209.28550499999997
49,209.142648,209.571219
38,209.571219,209.71407599999998
49,209.571219,209.99979
36,209.856933,209.99979
36,209.99979,210.14264699999998
49,209.99979,210.428361
38,210.428361,210.57121800000002
36,210.71407499999998,210.856932
49,210.428361,210.856932
36,210.856932,210.999789
49,210.856932,211.28550299999998
38,211.28550299999998,211.42836
49,211.28550299999998,211.71407399999998
36,211.57121699999996,211.71407399999998
36,211.71407399999998,211.856931
36,211.856931,211.999788
49,211.71407399999998,212.142645
36,211.999788,212.142645
38,212.142645,212.28550199999998
36,212.28550199999998,212.428359
36,212.428359,212.57121599999996
49,212.142645,212.57121599999996
36,212.57121599999996,212.71407299999998
49,212.57121599999996,212.999787
38,212.999787,213.142644
49,212.999787,213.428358
36,213.28550099999998,213.428358
36,213.428358,213.57121499999997
49,213.428358,213.856929
38,213.856929,213.99978599999997
36,214.142643,214.28549999999998
49,213.856929,214.28549999999998
36,214.28549999999998,214.428357
49,214.28549999999998,214.714071
38,214.714071,214.856928
49,214.714071,215.142642
36,214.99978499999997,215.142642
36,215.142642,215.285499
36,215.285499,215.428356
36,215.428356,215.57121299999997
49,215.142642,215.57121299999997
38,215.57121299999997,215.71407
36,215.71407,215.856927
36,215.856927,215.99978399999998
49,215.57121299999997,215.99978399999998
36,215.99978399999998,216.142641
49,215.99978399999998,216.42835499999998
38,216.42835499999998,216.57121199999997
49,216.42835499999998,216.85692600000002
36,216.714069,216.85692600000002
36,216.85692600000002,216.99978299999998
49,216.85692600000002,217.285497
38,217.285497,217.42835399999998
36,217.57121099999998,217.714068
49,217.285497,217.714068
36,217.714068,217.85692499999996
49,217.714068,218.142639
38,218.142639,218.285496
49,218.142639,218.57120999999998
36,218.428353,218.57120999999998
36,218.57120999999998,218.714067
36,218.714067,218.85692399999996
36,218.85692399999996,218.99978099999998
49,218.57120999999998,218.99978099999998
38,218.99978099999998,219.142638
36,219.142638,219.285495
36,219.285495,219.428352
49,218.99978099999998,219.428352
36,219.428352,219.57120899999998
49,219.428352,219.85692299999997
38,219.85692299999997,219.99978
49,219.85692299999997,220.28549399999997
36,220.142637,220.28549399999997
36,220.28549399999997,220.428351
49,220.28549399999997,220.714065
38,220.714065,220.85692199999997
36,220.999779,221.142636
49,220.714065,221.142636
36,221.142636,221.28549299999997
49,221.142636,221.571207
38,221.571207,221.714064
36,221.85692099999997,221.999778
49,221.571207,221.999778
36,221.999778,222.142635
49,221.999778,222.428349
38,222.428349,222.571206
36,222.71406299999998,222.85691999999997
49,222.428349,222.85691999999997
36,222.85691999999997,222.999777
49,222.85691999999997,223.28549099999998
38,223.28549099999998,223.428348
36,223.571205,223.71406199999998
49,223.28549099999998,223.71406199999998
36,223.71406199999998,223.85691899999998
36,223.85691899999998,223.999776
36,223.999776,224.14263300000002
49,223.71406199999998,224.14263300000002
38,224.14263300000002,224.28548999999998
36,224.28548999999998,224.428347
36,224.428347,224.571204
49,224.14263300000002,224.571204
36,224.571204,224.714061
49,224.571204,224.999775
38,224.999775,225.14263199999996
36,225.28548899999998,225.428346
49,224.999775,225.428346
36,225.428346,225.571203
49,225.428346,225.85691699999998
38,225.85691699999998,225.999774
36,226.14263099999997,226.285488
49,225.85691699999998,226.285488
36,226.285488,226.428345
49,226.285488,226.714059
38,226.714059,226.85691599999998
36,226.999773,227.14262999999997
49,226.714059,227.14262999999997
36,227.14262999999997,227.285487
36,227.285487,227.428344
36,227.428344,227.57120099999997
49,227.14262999999997,227.57120099999997
38,227.57120099999997,227.714058
36,227.714058,227.856915
36,227.856915,227.999772
49,227.57120099999997,227.999772
36,227.999772,228.14262899999997
49,227.999772,228.428343
38,228.428343,228.57119999999998
36,228.714057,228.856914
49,228.428343,228.856914
36,228.856914,228.99977099999998
49,228.856914,229.285485
38,229.285485,229.42834200000001
36,229.57119899999998,229.714056
49,229.285485,229.714056
36,229.714056,229.856913
49,229.714056,230.14262699999998
38,230.14262699999998,230.285484
36,230.42834100000002,230.57119799999998
49,230.14262699999998,230.57119799999998
36,230.57119799999998,230.714055
36,230.714055,230.856912
36,230.856912,230.999769
49,230.57119799999998,230.999769
38,230.999769,231.14262599999998
36,231.14262599999998,231.285483
36,231.285483,231.42833999999996
49,230.999769,231.42833999999996
36,231.42833999999996,231.57119699999998
49,231.42833999999996,231.856911
38,231.856911,231.999768
36,232.14262499999998,232.285482
49,231.856911,232.285482
36,232.285482,232.42833899999997
49,232.285482,232.714053
38,232.714053,232.85690999999997
36,232.999767,233.14262399999998
49,232.714053,233.14262399999998
36,233.14262399999998,233.285481
38,233.14262399999998,233.285481
49,233.14262399999998,233.571195
38,233.571195,233.714052
49,233.571195,233.999766
38,233.999766,234.142623
49,233.999766,234.42833699999997
36,234.42833699999997,234.571194
49,234.42833699999997,234.85690799999998
